model,run_time,test_accuracy,test_loss,trained_count,validation_count,test_count
cnn_architecture_2,1117.0580146312714,0.9937999844551086,0.022132761776447296,48000.0,12000.0,10000
cnn_architecture_1,201.4792878627777,0.9927999973297119,0.025216950103640556,48000.0,12000.0,10000
cnn_architecture_3,1359.769103527069,0.9926999807357788,0.03794693946838379,48000.0,12000.0,10000
cnn_architecture_4,641.1935930252075,0.9879999756813049,0.047200072556734085,48000.0,12000.0,10000
cnn_architecture_5,264.47330045700073,0.9883999824523926,0.0557953380048275,48000.0,12000.0,10000
cnn_architecture_6,204.8589358329773,0.9879999756813049,0.037602901458740234,48000.0,12000.0,10000
cnn_architecture_7,1346.4036498069763,0.9950000047683716,0.016773918643593788,48000.0,12000.0,10000
cnn_architecture_8,991.9883308410645,0.9944999814033508,0.021679140627384186,48000.0,12000.0,10000
